Tỉnh,"Phường, xã mới","Phường, xã trước sáp nhập"
An Giang,An Biên,"Thị trấn Thứ Ba, Xã Đông Yên, Xã Hưng Yên"
An Giang,An Châu,"Thị trấn An Châu, Xã Hòa Bình Thạnh, Xã Vĩnh Thành"
An Giang,An Cư,"Xã Văn Giáo, Xã Vĩnh Trung, Xã An Cư"
An Giang,An Minh,"Thị trấn Thứ Mười Một, Xã Đông Hưng, Xã Đông Hưng B"
An Giang,An Phú,"Thị trấn An Phú, Xã Vĩnh Hội Đông, Xã Phú Hội, Xã Phước Hưng"
An Giang,Ba Chúc,"Thị trấn Ba Chúc, Xã Lạc Quới, Xã Lê Trì"
An Giang,Bình An,"Xã Bình An (huyện Châu Thành), Xã Vĩnh Hòa Hiệp, Xã Vĩnh Hòa Phú"
An Giang,Bình Đức,"Phường Bình Khánh, Phường Bình Đức, Xã Mỹ Khánh"
An Giang,Bình Giang,Không sáp nhập
An Giang,Bình Hòa,"Xã Bình Thạnh, Xã An Hòa, Xã Bình Hòa"
An Giang,Bình Mỹ,"Xã Bình Thủy, Xã Bình Chánh, Xã Bình Mỹ"
An Giang,Bình Sơn,Không sáp nhập
An Giang,Bình Thạnh Đông,"Xã Hiệp Xương, Xã Phú Bình, Xã Bình Thạnh Đông"
An Giang,Cần Đăng,"Xã Vĩnh Lợi, Xã Cần Đăng"
An Giang,Châu Đốc,"Phường Vĩnh Nguơn, Phường Châu Phú A, Phường Châu Phú B, Phường Vĩnh Mỹ, Xã Vĩnh Châu"
An Giang,Châu Phong,"Xã Phú Vĩnh, Xã Lê Chánh, Xã Châu Phong"
An Giang,Châu Phú,"Thị trấn Cái Dầu, Xã Bình Long, Xã Bình Phú"
An Giang,Châu Thành,"Thị trấn Minh Lương, Xã Minh Hòa, Xã Giục Tượng"
An Giang,Chi Lăng,"Phường Núi Voi, Phường Chi Lăng, Xã Tân Lợi"
An Giang,Chợ Vàm,"Thị trấn Chợ Vàm, Xã Phú Thạnh, Xã Phú Thành"
An Giang,Cô Tô,"Thị trấn Cô Tô, Xã Tà Đảnh, Xã Tân Tuyến"
An Giang,Cù Lao Giêng,"Xã Tấn Mỹ, Xã Mỹ Hiệp, Xã Bình Phước Xuân"
An Giang,Định Hòa,"Xã Thới Quản, Xã Thủy Liễu, Xã Định Hòa"
An Giang,Định Mỹ,"Xã Vĩnh Phú (huyện Thoại Sơn), Xã Định Thành, Xã Định Mỹ"
An Giang,Đông Hòa,"Xã Đông Thạnh, Xã Đông Hòa"
An Giang,Đông Hưng,"Xã Vân Khánh Đông, Xã Đông Hưng A"
An Giang,Đông Thái,"Xã Nam Thái, Xã Nam Thái A, Xã Đông Thái"
An Giang,Giang Thành,"Xã Tân Khánh Hòa, Xã Phú Lợi, Xã Phú Mỹ"
An Giang,Giồng Riềng,"Thị trấn Giồng Riềng, Xã Bàn Tân Định, Xã Thạnh Hòa, Xã Bàn Thạch, Xã Thạnh Bình"
An Giang,Gò Quao,"Thị trấn Gò Quao, Xã Vĩnh Phước B, Xã Định An"
An Giang,Hà Tiên,"Phường Pháo Đài, Phường Bình San, Phường Mỹ Đức, Phường Đông Hồ"
An Giang,Hòa Điền,"Xã Kiên Bình, Xã Hòa Điền"
An Giang,Hòa Hưng,"Xã Hòa An (huyện Giồng Riềng), Xã Hòa Lợi, Xã Hòa Hưng"
An Giang,Hòa Lạc,"Xã Phú Hiệp, Xã Hòa Lạc"
An Giang,Hòa Thuận,"Xã Ngọc Hòa, Xã Hòa Thuận"
An Giang,Hòn Đất,"Thị trấn Hòn Đất, Xã Lình Huỳnh, Xã Thổ Sơn, Xã Nam Thái Sơn"
An Giang,Hòn Nghệ,Không sáp nhập
An Giang,Hội An,"Thị trấn Hội An, Xã Hòa An (huyện Chợ Mới), Xã Hòa Bình"
An Giang,Khánh Bình,"Thị trấn Long Bình, Xã Khánh An, Xã Khánh Bình"
An Giang,Kiên Hải,Huyện Kiên Hải
An Giang,Kiên Lương,"Thị trấn Kiên Lương, Xã Bình An (huyện Kiên Lương), Xã Bình Trị"
An Giang,Long Điền,"Thị trấn Mỹ Luông, Xã Long Điền A, Xã Long Điền B"
An Giang,Long Kiến,"Xã An Thạnh Trung, Xã Mỹ An, Xã Long Kiến"
An Giang,Long Phú,"Phường Long Hưng, Phường Long Châu, Phường Long Phú"
An Giang,Long Thạnh,"Xã Vĩnh Phú (huyện Giồng Riềng), Xã Vĩnh Thạnh, Xã Long Thạnh"
An Giang,Long Xuyên,"Phường Mỹ Bình, Phường Mỹ Long, Phường Mỹ Xuyên, Phường Mỹ Phước, Phường Mỹ Quý, Phường Mỹ Hòa"
An Giang,Mỹ Đức,"Xã Khánh Hòa, Xã Mỹ Đức"
An Giang,Mỹ Hòa Hưng,Không sáp nhập
An Giang,Mỹ Thới,"Phường Mỹ Thạnh, Phường Mỹ Thới"
An Giang,Mỹ Thuận,"Thị trấn Sóc Sơn, Xã Mỹ Hiệp Sơn, Xã Mỹ Phước, Xã Mỹ Thuận"
An Giang,Ngọc Chúc,"Xã Ngọc Thuận, Xã Ngọc Thành, Xã Ngọc Chúc"
An Giang,Nhơn Hội,"Xã Quốc Thái, Xã Nhơn Hội, Xã Phước Hưng, Xã Phú Hội (phần còn lại sau khi sáp nhập vào xã An Phú)"
An Giang,Nhơn Mỹ,"Xã Mỹ Hội Đông, Xã Long Giang, Xã Nhơn Mỹ"
An Giang,Núi Cấm,"Xã Tân Lập, Xã An Hảo"
An Giang,Óc Eo,"Thị trấn Óc Eo, Xã Vọng Thê, Xã Vọng Đông"
An Giang,Ô Lâm,"Xã An Tức, Xã Lương Phi, Xã Ô Lâm"
An Giang,Phú An,"Xã Phú Thọ, Xã Phú Xuân, Xã Phú An"
An Giang,Phú Hòa,"Thị trấn Phú Hòa, Xã Phú Thuận, Xã Vĩnh Chánh"
An Giang,Phú Hữu,"Xã Phú Hữu, Xã Vĩnh Lộc, Xã Phước Hưng (phần còn lại sau khi sáp nhập vào xã An Phú và Nhơn Hội)"
An Giang,Phú Lâm,"Xã Long Hòa, Xã Phú Long, Xã Phú Lâm"
An Giang,Phú Quốc,"Phường Dương Đông, Phường An Thới, Xã Dương Tơ, Xã Hàm Ninh, Xã Cửa Dương, Xã Bãi Thơm, Xã Gành Dầu, Xã Cửa Cạn"
An Giang,Phú Tân,"Thị trấn Phú Mỹ, Xã Tân Hòa (huyện Phú Tân), Xã Tân Trung, Xã Phú Hưng"
An Giang,Rạch Giá,"Phường Vĩnh Quang, Phường Vĩnh Thanh, Phường Vĩnh Thanh Vân, Phường Vĩnh Lạc, Phường An Hòa, Phường Vĩnh Hiệp, Phường An Bình, Phường Rạch Sỏi, Phường Vĩnh Lợi"
An Giang,Sơn Hải,Không sáp nhập
An Giang,Sơn Kiên,"Xã Sơn Bình, Xã Mỹ Thái, Xã Sơn Kiên"
An Giang,Tân An,"Xã Tân An, Xã Tân Thạnh (thị xã Tân Châu), Xã Long An"
An Giang,Tân Châu,"Phường Long Thạnh, Phường Long Sơn"
An Giang,Tân Hiệp,"Thị trấn Tân Hiệp, Xã Tân Hiệp B, Xã Thạnh Đông B, Xã Thạnh Đông"
An Giang,Tân Hội,"Xã Tân Hòa, Xã Tân An (huyện Tân Hiệp), Xã Tân Thành, Xã Tân Hội"
An Giang,Tân Thạnh,"Xã Tân Thạnh (huyện An Minh), Xã Thuận Hòa"
An Giang,Tây Phú,"Xã An Bình, Xã Mỹ Phú Đông, Xã Tây Phú"
An Giang,Tây Yên,"Xã Tây Yên A, Xã Nam Yên, Xã Tây Yên"
An Giang,Thạnh Đông,"Xã Tân Hiệp A, Xã Thạnh Trị, Xã Thạnh Đông A"
An Giang,Thạnh Hưng,"Xã Thạnh Lộc (huyện Giồng Riềng), Xã Thạnh Phước, Xã Thạnh Hưng"
An Giang,Thạnh Lộc,"Xã Thạnh Lộc (huyện Châu Thành), Xã Mong Thọ, Xã Mong Thọ A, Xã Mong Thọ B"
An Giang,Thạnh Mỹ Tây,"Xã Đào Hữu Cảnh, Xã Ô Long Vĩ, Xã Thạnh Mỹ Tây"
An Giang,Thoại Sơn,"Thị trấn Núi Sập, Xã Thoại Giang, Xã Bình Thành"
An Giang,Thổ Châu,Xã Thổ Châu
An Giang,Thới Sơn,"Phường Nhơn Hưng, Phường Nhà Bàng, Phường Thới Sơn"
An Giang,Tiên Hải,Không sáp nhập
An Giang,Tịnh Biên,"Phường An Phú, Phường Tịnh Biên, Xã An Nông"
An Giang,Tô Châu,"Phường Tô Châu, Xã Thuận Yên, Xã Dương Hòa"
An Giang,Tri Tôn,"Thị trấn Tri Tôn, Xã Núi Tô, Xã Châu Lăng"
An Giang,U Minh Thượng,"Xã An Minh Bắc, Xã Minh Thuận"
An Giang,Vân Khánh,"Xã Vân Khánh Tây, Xã Vân Khánh"
An Giang,Vĩnh An,"Thị trấn Vĩnh Bình, Xã Tân Phú, Xã Vĩnh An"
An Giang,Vĩnh Bình,"Xã Vĩnh Bình Bắc, Xã Vĩnh Bình Nam, Xã Bình Minh"
An Giang,Vĩnh Điều,"Xã Vĩnh Phú (huyện Giang Thành), Xã Vĩnh Điều"
An Giang,Vĩnh Gia,"Xã Vĩnh Phước, Xã Lương An Trà, Xã Vĩnh Gia"
An Giang,Vĩnh Hanh,"Xã Vĩnh Nhuận, Xã Vĩnh Hanh"
An Giang,Vĩnh Hậu,"Thị trấn Đa Phước, Xã Vĩnh Trường, Xã Vĩnh Hậu"
An Giang,Vĩnh Hòa,"Xã Vĩnh Hòa (huyện U Minh Thượng), Xã Thạnh Yên A, Xã Hòa Chánh, Xã Thạnh Yên"
An Giang,Vĩnh Hòa Hưng,"Xã Vĩnh Hòa Hưng Bắc, Xã Vĩnh Hòa Hưng Nam"
An Giang,Vĩnh Phong,"Thị trấn Vĩnh Thuận, Xã Phong Đông, Xã Vĩnh Phong"
An Giang,Vĩnh Tế,"Phường Núi Sam, Xã Vĩnh Tế, Xã Vĩnh Châu (phần còn lại sau khi sáp nhập vào phường Châu Đốc)"
An Giang,Vĩnh Thạnh Trung,"Thị trấn Vĩnh Thạnh Trung, Xã Mỹ Phú"
An Giang,Vĩnh Thông,"Phường Vĩnh Thông, Xã Phi Thông, Xã Mỹ Lâm"
An Giang,Vĩnh Thuận,"Xã Tân Thuận, Xã Vĩnh Thuận"
An Giang,Vĩnh Trạch,"Xã Vĩnh Khánh, Xã Vĩnh Trạch"
An Giang,Vĩnh Tuy,"Xã Vĩnh Thắng, Xã Vĩnh Phước A, Xã Vĩnh Tuy"
An Giang,Vĩnh Xương,"Xã Vĩnh Hòa (thị xã Tân Châu), Xã Phú Lộc, Xã Vĩnh Xương"
Bắc Ninh,An Lạc,"Xã Lệ Viễn, Xã An Lạc"
Bắc Ninh,Bảo Đài,"Xã Bảo Sơn, Xã Thanh Lâm, Xã Tam Dị, Xã Bảo Đài"
Bắc Ninh,Bắc Giang,"Phường Thọ Xương, Phường Ngô Quyền, Phường Xương Giang, Phường Hoàng Văn Thụ, Phường Trần Phú, Phường Dĩnh Kế, Phường Dĩnh Trì"
Bắc Ninh,Bắc Lũng,"Xã Yên Sơn, Xã Lan Mẫu, Xã Khám Lạng, Xã Bắc Lũng"
Bắc Ninh,Biển Động,"Thị trấn Biển Động, Xã Kim Sơn, Xã Phú Nhuận"
Bắc Ninh,Biên Sơn,"Xã Phong Vân, Xã Biên Sơn, Trường bắn TB1"
Bắc Ninh,Bố Hạ,"Thị trấn Bố Hạ, Xã Đông Sơn, Xã Hương Vĩ"
Bắc Ninh,Bồng Lai,"Phường Cách Bi, Phường Bồng Lai, Xã Mộ Đạo"
Bắc Ninh,Cảnh Thụy,"Phường Cảnh Thụy, Xã Tiến Dũng, Xã Tư Mại"
Bắc Ninh,Cao Đức,"Xã Vạn Ninh, Xã Cao Đức"
Bắc Ninh,Cẩm Lý,"Xã Đan Hội, Xã Cẩm Lý"
Bắc Ninh,Chi Lăng,"Xã Yên Giả, Xã Chi Lăng"
Bắc Ninh,Chũ,"Phường Thanh Hải, Phường Hồng Giang, Phường Trù Hựu, Phường Chũ"
Bắc Ninh,Dương Hưu,"Xã Long Sơn, Xã Dương Hưu"
Bắc Ninh,Đa Mai,"Phường Tân Mỹ, Phường Mỹ Độ, Phường Song Mai, Phường Đa Mai, Xã Quế Nham"
Bắc Ninh,Đại Đồng,"Xã Tri Phương, Xã Hoàn Sơn, Xã Đại Đồng"
Bắc Ninh,Đại Lai,"Xã Song Giang, Xã Đại Lai"
Bắc Ninh,Đại Sơn,"Xã Giáo Liêm, Xã Phúc Sơn, Xã Đại Sơn"
Bắc Ninh,Đào Viên,"Phường Phù Lương, Xã Ngọc Xá, Xã Đào Viên"
Bắc Ninh,Đèo Gia,"Xã Tân Lập, Xã Đèo Gia"
Bắc Ninh,Đông Cứu,"Xã Giang Sơn, Xã Lãng Ngâm, Xã Đông Cứu"
Bắc Ninh,Đồng Kỳ,"Xã Đồng Hưu, Xã Đồng Vương, Xã Đồng Kỳ"
Bắc Ninh,Đồng Nguyên,"Phường Trang Hạ, Phường Đồng Kỵ, Phường Đồng Nguyên"
Bắc Ninh,Đông Phú,"Xã Đông Hưng, Xã Đông Phú"
Bắc Ninh,Đồng Việt,"Xã Đức Giang, Xã Đồng Phúc, Xã Đồng Việt"
Bắc Ninh,Gia Bình,"Thị trấn Gia Bình, Xã Xuân Lai, Xã Quỳnh Phú, Xã Đại Bái"
Bắc Ninh,Hạp Lĩnh,"Phường Khắc Niệm, Phường Hạp Lĩnh"
Bắc Ninh,Hiệp Hòa,"Thị trấn Thắng, Xã Đông Lỗ, Xã Đoan Bái, Xã Danh Thắng, Xã Lương Phong"
Bắc Ninh,Hoàng Vân,"Xã Đồng Tiến (huyện Hiệp Hòa), Xã Toàn Thắng, Xã Ngọc Sơn, Xã Hoàng Vân"
Bắc Ninh,Hợp Thịnh,"Xã Thường Thắng, Xã Mai Trung, Xã Hùng Thái, Xã Sơn Thịnh, Xã Hợp Thịnh"
Bắc Ninh,Kép,"Thị trấn Kép, Xã Quang Thịnh, Xã Hương Sơn"
Bắc Ninh,Kiên Lao,"Xã Kiên Thành, Xã Kiên Lao"
Bắc Ninh,Kinh Bắc,"Phường Suối Hoa, Phường Tiền Ninh Vệ, Phường Vạn An, Phường Hòa Long, Phường Khúc Xuyên, Phường Kinh Bắc"
Bắc Ninh,Lạng Giang,"Thị trấn Vôi, Xã Xương Lâm, Xã Hương Lạc, Xã Tân Hưng"
Bắc Ninh,Lâm Thao,"Xã Bình Định, Xã Quảng Phú, Xã Lâm Thao"
Bắc Ninh,Liên Bão,"Xã Hiên Vân, Xã Việt Đoàn, Xã Liên Bão"
Bắc Ninh,Lục Nam,"Thị trấn Phương Sơn, Thị trấn Đồi Ngô, Xã Cương Sơn, Xã Tiên Nha, Xã Chu Điện"
Bắc Ninh,Lục Ngạn,"Thị trấn Phì Điền, Xã Giáp Sơn, Xã Đồng Cốc, Xã Tân Hoa, Xã Tân Quang"
Bắc Ninh,Lục Sơn,"Xã Bình Sơn, Xã Lục Sơn"
Bắc Ninh,Lương Tài,"Thị trấn Thứa, Xã Phú Hòa, Xã Tân Lãng"
Bắc Ninh,Mão Điền,"Phường An Bình, Xã Hoài Thượng, Xã Mão Điền"
Bắc Ninh,Mỹ Thái,"Xã Xuân Hương, Xã Dương Đức, Xã Tân Thanh, Xã Mỹ Thái"
Bắc Ninh,Nam Dương,"Xã Tân Mộc, Xã Nam Dương"
Bắc Ninh,Nam Sơn,"Phường Vân Dương, Phường Nam Sơn"
Bắc Ninh,Nếnh,"Phường Quang Châu, Phường Vân Trung, Phường Tăng Tiến, Phường Nếnh"
Bắc Ninh,Nghĩa Phương,"Xã Trường Giang, Xã Huyền Sơn, Xã Nghĩa Phương"
Bắc Ninh,Ngọc Thiện,"Xã Song Vân, Xã Ngọc Châu, Xã Ngọc Vân, Xã Việt Ngọc, Xã Ngọc Thiện"
Bắc Ninh,Nhã Nam,"Thị trấn Nhã Nam, Xã Tân Trung, Xã Liên Sơn, Xã An Dương"
Bắc Ninh,Nhân Hòa,"Phường Đại Xuân, Phường Nhân Hòa, Xã Việt Thống"
Bắc Ninh,Nhân Thắng,"Thị trấn Nhân Thắng, Xã Thái Bảo, Xã Bình Dương"
Bắc Ninh,Ninh Xá,"Phường Ninh Xá, Xã Nguyệt Đức"
Bắc Ninh,Phật Tích,"Xã Minh Đạo, Xã Cảnh Hưng, Xã Phật Tích"
Bắc Ninh,Phù Khê,"Phường Châu Khê, Phường Hương Mạc, Phường Phù Khê"
Bắc Ninh,Phù Lãng,"Xã Châu Phong, Xã Đức Long, Xã Phù Lãng"
Bắc Ninh,Phúc Hoà,"Xã Hợp Đức, Xã Liên Chung, Xã Phúc Hòa"
Bắc Ninh,Phương Liễu,"Phường Phượng Mao, Phường Phương Liễu"
Bắc Ninh,Phượng Sơn,"Phường Phượng Sơn, Xã Quý Sơn, Xã Mỹ An"
Bắc Ninh,Quang Trung,"Xã Lam Sơn, Xã Quang Trung"
Bắc Ninh,Quế Võ,"Phường Phố Mới, Phường Bằng An, Phường Việt Hùng, Phường Quế Tân"
Bắc Ninh,Sa Lý,"Xã Phong Minh, Xã Sa Lý"
Bắc Ninh,Song Liễu,"Phường Xuân Lâm, Phường Hà Mãn, Xã Ngũ Thái, Xã Song Liễu"
Bắc Ninh,Sơn Động,"Thị trấn An Châu, Xã An Bá, Xã Vĩnh An"
Bắc Ninh,Sơn Hải,"Xã Hộ Đáp, Xã Sơn Hải"
Bắc Ninh,Tam Đa,"Xã Thụy Hòa, Xã Đông Phong, Xã Tam Đa"
Bắc Ninh,Tam Giang,"Xã Hòa Tiến, Xã Tam Giang"
Bắc Ninh,Tam Sơn,"Phường Tương Giang, Phường Tam Sơn"
Bắc Ninh,Tam Tiến,"Xã Tiến Thắng, Xã An Thượng, Xã Tam Tiến"
Bắc Ninh,Tân An,"Phường Tân An, Xã Quỳnh Sơn, Xã Trí Yên, Xã Lãng Sơn"
Bắc Ninh,Tân Chi,"Xã Lạc Vệ, Xã Tân Chi"
Bắc Ninh,Tân Dĩnh,"Xã Tân Dĩnh, Xã Thái Đào, Xã Đại Lâm"
Bắc Ninh,Tân Sơn,"Xã Cấm Sơn, Xã Tân Sơn"
Bắc Ninh,Tân Tiến,"Phường Hương Gián, Phường Tân Tiến, Xã Xuân Phú"
Bắc Ninh,Tân Yên,"Thị trấn Cao Thượng, Xã Cao Xá, Xã Việt Lập, Xã Ngọc Lý"
Bắc Ninh,Tây Yên Tử,"Thị trấn Tây Yên Tử, Xã Thanh Luận"
Bắc Ninh,Thuận Thành,"Phường Hồ, Phường Song Hồ, Phường Gia Đông, Xã Đại Đồng Thành"
Bắc Ninh,Tiên Du,"Thị trấn Lim, Xã Nội Duệ, Xã Phú Lâm"
Bắc Ninh,Tiên Lục,"Xã Đào Mỹ, Xã Nghĩa Hòa, Xã An Hà, Xã Nghĩa Hưng, Xã Tiên Lục"
Bắc Ninh,Tiền Phong,"Phường Nội Hoàng, Phường Song Khê, Phường Đồng Sơn, Phường Tiền Phong"
Bắc Ninh,Trạm Lộ,"Phường Trạm Lộ, Xã Nghĩa Đạo"
Bắc Ninh,Trí Quả,"Phường Thanh Khương, Phường Trí Quả, Xã Đình Tổ"
Bắc Ninh,Trung Chính,"Xã Phú Lương, Xã Quang Minh, Xã Trung Chính"
Bắc Ninh,Trung Kênh,"Xã An Thịnh, Xã An Tập, Xã Trung Kênh"
Bắc Ninh,Trường Sơn,"Xã Vô Tranh, Xã Trường Sơn"
Bắc Ninh,Tuấn Đạo,Không sáp nhập
Bắc Ninh,Tự Lạn,"Phường Tự Lạn, Xã Việt Tiến, Xã Thượng Lan, Xã Hương Mai"
Bắc Ninh,Từ Sơn,"Phường Đông Ngàn, Phường Tân Hồng, Phường Phù Chẩn, Phường Đình Bảng"
Bắc Ninh,Văn Môn,"Xã Yên Phụ, Xã Đông Thọ, Xã Văn Môn"
Bắc Ninh,Vân Hà,"Phường Ninh Sơn, Phường Quảng Minh, Xã Tiên Sơn, Xã Trung Sơn, Xã Vân Hà"
Bắc Ninh,Vân Sơn,"Xã Hữu Sản, Xã Vân Sơn"
Bắc Ninh,Việt Yên,"Phường Bích Động, Phường Hồng Thái, Xã Minh Đức, Xã Nghĩa Trung"
Bắc Ninh,Võ Cường,"Phường Đại Phúc, Phường Phong Khê, Phường Võ Cường"
Bắc Ninh,Vũ Ninh,"Phường Kim Chân, Phường Đáp Cầu, Phường Thị Cầu, Phường Vũ Ninh"
Bắc Ninh,Xuân Cẩm,"Thị trấn Bắc Lý, Xã Hương Lâm, Xã Mai Đình, Xã Châu Minh, Xã Xuân Cẩm"
Bắc Ninh,Xuân Lương,"Xã Đồng Tiến (huyện Yên Thế), Xã Canh Nậu, Xã Xuân Lương"
Bắc Ninh,Yên Dũng,"Phường Tân Liễu, Phường Nham Biền, Xã Yên Lư"
Bắc Ninh,Yên Định,"Xã Cẩm Đàn, Xã Yên Định"
Bắc Ninh,Yên Phong,"Thị trấn Chờ, Xã Trung Nghĩa, Xã Long Châu, Xã Đông Tiến"
Bắc Ninh,Yên Thế,"Thị trấn Phồn Xương, Xã Đồng Lạc, Xã Đồng Tâm, Xã Tân Hiệp, Xã Tân Sỏi"
Bắc Ninh,Yên Trung,"Xã Dũng Liệt, Xã Yên Trung"
Cà Mau,An Trạch,"Xã An Trạch A, Xã An Trạch"
Cà Mau,An Xuyên,"Phường 1 (thành phố Cà Mau), Phường 2 (thành phố Cà Mau), Phường 9, Phường Tân Xuyên, Xã An Xuyên"
Cà Mau,Bạc Liêu,"Phường 1 (thành phố Bạc Liêu), Phường 2 (thành phố Bạc Liêu), Phường 7 (thành phố Bạc Liêu), Phường 8 (thành phố Bạc Liêu), Phường 3"
Cà Mau,Biển Bạch,"Xã Tân Bằng, Xã Biển Bạch Đông, Xã Biển Bạch"
Cà Mau,Cái Đôi Vàm,"Thị trấn Cái Đôi Vàm, Xã Nguyễn Việt Khái"
Cà Mau,Cái Nước,"Thị trấn Cái Nước, Xã Trần Thới, Xã Đông Hưng (phần còn lại), Xã Đông Thới (phần còn lại), Xã Tân Hưng Đông (phần còn lại)"
Cà Mau,Châu Thới,"Xã Vĩnh Hưng, Xã Vĩnh Hưng A, Xã Châu Thới"
Cà Mau,Đá Bạc,"Xã Khánh Bình Tây (bao gồm Hòn Đá Bạc), Xã Khánh Bình Tây Bắc, Xã Trần Hợi (một phần)"
Cà Mau,Đầm Dơi,"Thị trấn Đầm Dơi, Xã Tân Duyệt, Xã Tân Dân, Xã Tạ An Khương (phần còn lại sau khi sáp nhập vào xã Tạ An Khương mới)"
Cà Mau,Đất Mới,"Xã Lâm Hải, Xã Đất Mới, Thị trấn Năm Căn, Xã Hàm Rồng, Xã Viên An (phần còn lại sau khi sáp nhập vào xã Đất Mũi)"
Cà Mau,Đất Mũi,"Xã Đất Mũi, Xã Viên An, Xã Tân Ân (phần còn lại sau khi sáp nhập vào xã Phan Ngọc Hiển)"
Cà Mau,Định Thành,"Xã An Phúc, Xã Định Thành A, Xã Định Thành"
Cà Mau,Đông Hải,"Xã Long Điền Đông, Xã Long Điền Đông A"
Cà Mau,Gành Hào,"Thị trấn Gành Hào, Xã Long Điền Tây"
Cà Mau,Giá Rai,"Phường 1 (thị xã Giá Rai), Phường Hộ Phòng, Xã Phong Thạnh, Xã Phong Thạnh A"
Cà Mau,Hiệp Thành,"Phường Nhà Mát, Xã Vĩnh Trạch Đông, Xã Hiệp Thành"
Cà Mau,Hoà Bình,"Thị trấn Hòa Bình, Xã Vĩnh Mỹ A, Xã Long Thạnh"
Cà Mau,Hoà Thành,"Xã Hòa Tân, Xã Hòa Thành, Phường 7 (thành phố Cà Mau) (phần còn lại sau khi sáp nhập vào phường Tân Thành), Phường 6 (phần còn lại sau khi sáp nhập vào phường Tân Thành), Xã Định Bình (phần còn lại sau khi sáp nhập vào phường Tân Thành), Xã Tắc Vân (phần còn lại sau khi sáp nhập vào phường Tân Thành)"
Cà Mau,Hồ Thị Kỷ,Không sáp nhập
Cà Mau,Hồng Dân,"Thị trấn Ngan Dừa, Xã Lộc Ninh, Xã Ninh Hòa"
Cà Mau,Hưng Hội,"Xã Hưng Thành, Xã Hưng Hội"
Cà Mau,Hưng Mỹ,"Xã Hưng Mỹ, Xã Tân Hưng Đông, Xã Hòa Mỹ (phần còn lại sau khi sáp nhập vào xã Phú Mỹ, xã Tân Hưng)"
Cà Mau,Khánh An,"Xã Khánh An, Xã Nguyễn Phích (phần còn lại sau khi sáp nhập vào xã Nguyễn Phích, xã Khánh Lâm)"
Cà Mau,Khánh Bình,"Xã Khánh Bình Đông, Xã Khánh Bình"
Cà Mau,Khánh Hưng,"Xã Khánh Hải, Xã Khánh Hưng"
Cà Mau,Khánh Lâm,"Xã Khánh Hội, Xã Nguyễn Phích, Xã Khánh Lâm (phần còn lại sau khi sáp nhập vào xã U Minh)"
Cà Mau,Láng Tròn,"Phường Láng Tròn, Xã Phong Tân, Xã Phong Thạnh Đông"
Cà Mau,Long Điền,"Xã Điền Hải, Xã Long Điền"
Cà Mau,Lương Thế Trân,"Xã Thạnh Phú, Xã Phú Hưng, Xã Lương Thế Trân, Xã Lợi An"
Cà Mau,Lý Văn Lâm,"Phường 8 (thành phố Cà Mau), Xã Lý Văn Lâm, Xã Lợi An (phần còn lại sau khi sáp nhập vào xã Trần Văn Thời, xã Lương Thế Trân)"
Cà Mau,Năm Căn,"Xã Hàng Vịnh, Thị trấn Năm Căn (phần còn lại), Xã Hàm Rồng (phần còn lại)"
Cà Mau,Nguyễn Phích,"Thị trấn U Minh, Xã Nguyễn Phích, Xã Khánh Thuận (phần còn lại sau khi sáp nhập vào xã U Minh)"
Cà Mau,Nguyễn Việt Khái,"Xã Tân Hưng Tây, Xã Rạch Chèo, Xã Việt Thắng"
Cà Mau,Ninh Quới,"Xã Ninh Quới A, Xã Ninh Quới"
Cà Mau,Ninh Thạnh Lợi,"Xã Ninh Thạnh Lợi A, Xã Ninh Thạnh Lợi"
Cà Mau,Phan Ngọc Hiển,"Thị trấn Rạch Gốc, Xã Viên An Đông, Xã Tân Ân"
Cà Mau,Phong Hiệp,"Xã Phong Thạnh Tây A, Xã Phong Thạnh Tây B"
Cà Mau,Phong Thạnh,"Xã Tân Thạnh, Xã Phong Thạnh Tây, Xã Tân Phong"
Cà Mau,Phú Mỹ,"Xã Phú Thuận, Xã Phú Mỹ, Xã Hòa Mỹ"
Cà Mau,Phú Tân,"Xã Tân Hải, Xã Phú Tân"
Cà Mau,Phước Long,"Thị trấn Phước Long, Xã Vĩnh Phú Đông"
Cà Mau,Quách Phẩm,"Xã Quách Phẩm Bắc, Xã Quách Phẩm"
Cà Mau,Sông Đốc,"Thị trấn Sông Đốc (bao gồm cụm đảo Hòn Chuối), Xã Phong Điền"
Cà Mau,Tạ An Khương,"Xã Tạ An Khương Đông, Xã Tạ An Khương Nam, Xã Tạ An Khương"
Cà Mau,Tam Giang,"Xã Hiệp Tùng, Xã Tam Giang Đông, Xã Tam Giang"
Cà Mau,Tân Ân,"Xã Tam Giang Tây, Xã Tân Ân Tây"
Cà Mau,Tân Hưng,"Xã Tân Hưng, Xã Đông Hưng, Xã Đông Thới, Xã Hòa Mỹ"
Cà Mau,Tân Lộc,"Xã Tân Lộc Bắc, Xã Tân Lộc Đông, Xã Tân Lộc"
Cà Mau,Tân Thành,"Phường 5 (thành phố Cà Mau), Phường Tân Thành, Xã Tân Thành, Phường 7 (thành phố Cà Mau), Phường 6, Xã Định Bình, Xã Tắc Vân"
Cà Mau,Tân Thuận,"Xã Tân Đức, Xã Tân Thuận"
Cà Mau,Tân Tiến,"Xã Nguyễn Huân, Xã Tân Tiến"
Cà Mau,Thanh Tùng,"Xã Ngọc Chánh, Xã Thanh Tùng"
Cà Mau,Thới Bình,"Thị trấn Thới Bình, Xã Thới Bình"
Cà Mau,Trần Phán,"Xã Tân Trung, Xã Trần Phán"
Cà Mau,Trần Văn Thời,"Thị trấn Trần Văn Thời, Xã Khánh Lộc, Xã Phong Lạc, Xã Lợi An, Xã Trần Hợi (phần còn lại sau khi sáp nhập vào xã Đá Bạc), Xã Phong Điền (phần còn lại sau khi sáp nhập vào xã Sông Đốc)"
Cà Mau,Trí Phải,"Xã Trí Lực, Xã Tân Phú, Xã Trí Phải"
Cà Mau,U Minh,"Xã Khánh Tiến, Xã Khánh Hòa, Xã Khánh Thuận, Xã Khánh Lâm"
Cà Mau,Vĩnh Hậu,"Xã Vĩnh Thịnh, Xã Vĩnh Hậu A, Xã Vĩnh Hậu"
Cà Mau,Vĩnh Lộc,"Xã Vĩnh Lộc A, Xã Vĩnh Lộc"
Cà Mau,Vĩnh Lợi,"Thị trấn Châu Hưng, Xã Châu Hưng A"
Cà Mau,Vĩnh Mỹ,"Xã Minh Diệu, Xã Vĩnh Bình, Xã Vĩnh Mỹ B"
Cà Mau,Vĩnh Phước,"Xã Phước Long, Xã Vĩnh Phú Tây"
Cà Mau,Vĩnh Thanh,"Xã Hưng Phú, Xã Vĩnh Thanh"
Cà Mau,Vĩnh Trạch,"Phường 5 (thành phố Bạc Liêu), Xã Vĩnh Trạch"
Cao Bằng,Bạch Đằng,"Xã Thịnh Vượng, Xã Bình Dương, Xã Bạch Đằng"
Cao Bằng,Bảo Lạc,"Thị trấn Bảo Lạc, Xã Bảo Toàn, Xã Hồng Trị"
Cao Bằng,Bảo Lâm,"Thị trấn Pác Miầu, Xã Mông Ân, Xã Vĩnh Phong"
Cao Bằng,Bế Văn Đàn,"Xã Hồng Quang, Xã Cách Linh, Xã Bế Văn Đàn"
Cao Bằng,Ca Thành,"Xã Yên Lạc, Xã Ca Thành"
Cao Bằng,Canh Tân,"Xã Đức Thông, Xã Canh Tân"
Cao Bằng,Cần Yên,"Xã Cần Nông, Xã Lương Thông, Xã Cần Yên"
Cao Bằng,Cô Ba,"Xã Thượng Hà, Xã Cô Ba"
Cao Bằng,Cốc Pàng,"Xã Đức Hạnh, Xã Cốc Pàng"
Cao Bằng,Đàm Thủy,"Xã Chí Viễn, Xã Phong Châu, Xã Đàm Thủy"
Cao Bằng,Đình Phong,"Xã Ngọc Côn, Xã Ngọc Khê, Xã Phong Nặm, Xã Đình Phong"
Cao Bằng,Đoài Dương,"Xã Trung Phúc, Xã Cao Thăng, Xã Đoài Dương"
Cao Bằng,Độc Lập,"Xã Quảng Hưng, Xã Cai Bộ, Xã Độc Lập"
Cao Bằng,Đông Khê,"Thị trấn Đông Khê, Xã Đức Xuân, Xã Trọng Con"
Cao Bằng,Đức Long,"Xã Đức Long (huyện Thạch An), Xã Thụy Hùng, Xã Lê Lợi"
Cao Bằng,Hạ Lang,"Thị trấn Thanh Nhật, Xã Thống Nhất, Xã Thị Hoa"
Cao Bằng,Hà Quảng,"Xã Hồng Sỹ, Xã Ngọc Đào, Xã Mã Ba"
Cao Bằng,Hạnh Phúc,"Xã Ngọc Động (huyện Quảng Hòa), Xã Tự Do, Xã Hạnh Phúc"
Cao Bằng,Hòa An,"Thị trấn Nước Hai, Xã Đại Tiến, Xã Hồng Việt"
Cao Bằng,Huy Giáp,"Xã Đình Phùng, Xã Huy Giáp"
Cao Bằng,Hưng Đạo,"Xã Hưng Thịnh, Xã Kim Cúc, Xã Hưng Đạo (huyện Bảo Lạc)"
Cao Bằng,Khánh Xuân,"Xã Phan Thanh (huyện Bảo Lạc), Xã Khánh Xuân"
Cao Bằng,Kim Đồng,"Xã Hồng Nam, Xã Thái Cường, Xã Kim Đồng"
Cao Bằng,Lũng Nặm,"Xã Thượng Thôn, Xã Lũng Nặm"
Cao Bằng,Lý Bôn,"Xã Vĩnh Quang (huyện Bảo Lâm), Xã Lý Bôn"
Cao Bằng,Lý Quốc,"Xã Minh Long, Xã Đồng Loan, Xã Lý Quốc"
Cao Bằng,Minh Khai,"Xã Quang Trọng, Xã Minh Khai"
Cao Bằng,Minh Tâm,"Xã Trương Lương, Xã Minh Tâm"
Cao Bằng,Nam Quang,"Xã Nam Cao, Xã Nam Quang"
Cao Bằng,Nam Tuấn,"Xã Đức Long (huyện Hòa An), Xã Dân Chủ, Xã Nam Tuấn"
Cao Bằng,Nguyên Bình,"Thị trấn Nguyên Bình, Xã Thể Dục, Xã Vũ Minh"
Cao Bằng,Nguyễn Huệ,"Xã Quang Trung (huyện Hòa An), Xã Ngũ Lão, Xã Nguyễn Huệ"
Cao Bằng,Nùng Trí Cao,"Phường Ngọc Xuân, Phường Sông Bằng, Xã Vĩnh Quang (thành phố Cao Bằng)"
Cao Bằng,Phan Thanh,"Xã Phan Thanh (huyện Nguyên Bình), Xã Mai Long"
Cao Bằng,Phục Hòa,"Thị trấn Tà Lùng, Thị trấn Hòa Thuận, Xã Mỹ Hưng, Xã Đại Sơn"
Cao Bằng,Quang Hán,"Xã Quang Vinh, Xã Quang Hán"
Cao Bằng,Quảng Lâm,"Xã Thạch Lâm, Xã Quảng Lâm"
Cao Bằng,Quang Long,"Xã Đức Quang, Xã Thắng Lợi, Xã Quang Long"
Cao Bằng,Quang Trung,"Xã Quang Trung (huyện Trùng Khánh), Xã Tri Phương, Xã Xuân Nội"
Cao Bằng,Quảng Uyên,"Thị trấn Quảng Uyên, Xã Phi Hải, Xã Phúc Sen, Xã Chí Thảo"
Cao Bằng,Sơn Lộ,"Xã Sơn Lập, Xã Sơn Lộ"
Cao Bằng,Tam Kim,"Xã Hưng Đạo (huyện Nguyên Bình), Xã Hoa Thám, Xã Tam Kim"
Cao Bằng,Tân Giang,"Phường Tân Giang, Phường Duyệt Trung, Phường Hòa Chung, Xã Chu Trinh, Xã Lê Chung"
Cao Bằng,Thạch An,"Xã Tiên Thành, Xã Vân Trình, Xã Lê Lai"
Cao Bằng,Thành Công,"Xã Quang Thành, Xã Thành Công"
Cao Bằng,Thanh Long,"Xã Ngọc Động (huyện Hà Quảng), Xã Yên Sơn, Xã Thanh Long"
Cao Bằng,Thông Nông,"Thị trấn Thông Nông, Xã Đa Thông, Xã Lương Can"
Cao Bằng,Thục Phán,"Phường Sông Hiến, Phường Đề Thám, Phường Hợp Giang, Xã Hưng Đạo (thành phố Cao Bằng), Xã Hoàng Tung"
Cao Bằng,Tĩnh Túc,"Thị trấn Tĩnh Túc, Xã Triệu Nguyên, Xã Vũ Nông"
Cao Bằng,Tổng Cọt,"Xã Nội Thôn, Xã Cải Viên, Xã Tổng Cọt"
Cao Bằng,Trà Lĩnh,"Thị trấn Trà Lĩnh, Xã Cao Chương, Xã Quốc Toản"
Cao Bằng,Trùng Khánh,"Thị trấn Trùng Khánh, Xã Đức Hồng, Xã Lăng Hiếu, Xã Khâm Thành"
Cao Bằng,Trường Hà,"Thị trấn Xuân Hòa, Xã Quý Quân, Xã Sóc Hà, Xã Trường Hà"
Cao Bằng,Vinh Quý,"Xã Cô Ngân, Xã An Lạc, Xã Kim Loan, Xã Vinh Quý"
Cao Bằng,Xuân Trường,"Xã Hồng An, Xã Xuân Trường"
Cao Bằng,Yên Thổ,"Xã Thái Học, Xã Thái Sơn, Xã Yên Thổ"
Cần Thơ,An Bình,"Phường An Bình, Xã Mỹ Khánh, Phường Long Tuyền"
Cần Thơ,An Lạc Thôn,"Thị trấn An Lạc Thôn, Xã Xuân Hòa, Xã Trinh Phú"
Cần Thơ,An Ninh,"Xã An Hiệp, Xã An Ninh"
Cần Thơ,An Thạnh,"Thị trấn Cù Lao Dung, Xã An Thạnh 1, Xã An Thạnh Tây, Xã An Thạnh Đông"
Cần Thơ,Bình Thủy,"Phường An Thới, Phường Bình Thủy, Phường Bùi Hữu Nghĩa (phần còn lại sau khi sáp nhập vào phường Cái Khế)"
Cần Thơ,Cái Khế,"Phường An Hòa, Phường Cái Khế, Phường Bùi Hữu Nghĩa"
Cần Thơ,Cái Răng,"Phường Lê Bình, Phường Thường Thạnh, Phường Ba Láng, Phường Hưng Thạnh"
Cần Thơ,Châu Thành,"Thị trấn Mái Dầm, Thị trấn Ngã Sáu, Xã Đông Phú"
Cần Thơ,Cờ Đỏ,"Thị trấn Cờ Đỏ, Xã Thới Đông, Xã Thới Xuân"
Cần Thơ,Cù Lao Dung,"Xã An Thạnh 2, Xã Đại Ân 1, Xã An Thạnh 3, Xã An Thạnh Nam"
Cần Thơ,Đại Hải,"Xã Ba Trinh, Xã Đại Hải"
Cần Thơ,Đại Ngãi,"Thị trấn Đại Ngãi, Xã Long Đức"
Cần Thơ,Đại Thành,"Phường Hiệp Lợi, Xã Tân Thành, Xã Đại Thành"
Cần Thơ,Đông Hiệp,"Xã Đông Thắng, Xã Xuân Thắng, Xã Đông Hiệp"
Cần Thơ,Đông Phước,"Thị trấn Cái Tắc, Xã Đông Thạnh, Xã Đông Phước A"
Cần Thơ,Đông Thuận,"Xã Đông Bình, Xã Đông Thuận"
Cần Thơ,Gia Hòa,"Xã Thạnh Quới, Xã Gia Hòa 2"
Cần Thơ,Hiệp Hưng,"Thị trấn Cây Dương, Xã Hiệp Hưng"
Cần Thơ,Hòa An,"Thị trấn Kinh Cùng, Xã Hòa An"
Cần Thơ,Hỏa Lựu,"Xã Tân Tiến, Xã Hỏa Tiến, Xã Hỏa Lựu"
Cần Thơ,Hòa Tú,"Xã Hòa Tú 1, Xã Hòa Tú 2"
Cần Thơ,Hồ Đắc Kiện,"Xã Thiện Mỹ, Xã Hồ Đắc Kiện"
Cần Thơ,Hưng Phú,"Phường Tân Phú, Phường Phú Thứ, Phường Hưng Phú"
Cần Thơ,Kế Sách,"Thị trấn Kế Sách, Xã Kế An, Xã Kế Thành"
Cần Thơ,Khánh Hòa,"Phường Khánh Hòa, Xã Vĩnh Hiệp, Xã Hòa Đông"
Cần Thơ,Lai Hòa,Không sáp nhập
Cần Thơ,Lâm Tân,"Xã Tuân Tức, Xã Lâm Kiết, Xã Lâm Tân"
Cần Thơ,Lịch Hội Thượng,"Thị trấn Lịch Hội Thượng, Xã Lịch Hội Thượng"
Cần Thơ,Liêu Tú,"Xã Viên Bình, Xã Liêu Tú"
Cần Thơ,Long Bình,"Phường Bình Thạnh, Phường Vĩnh Tường, Xã Long Bình"
Cần Thơ,Long Hưng,"Xã Hưng Phú, Xã Long Hưng"
Cần Thơ,Long Mỹ,"Phường Thuận An (thị xã Long Mỹ), Xã Long Trị, Xã Long Trị A"
Cần Thơ,Long Phú,"Thị trấn Long Phú, Xã Long Phú"
Cần Thơ,Long Phú 1,"Phường Trà Lồng, Xã Tân Phú, Xã Long Phú"
Cần Thơ,Long Tuyền,"Phường Long Hòa, Phường Long Tuyền (phần còn lại sau khi sáp nhập vào phường An Bình)"
Cần Thơ,Lương Tâm,"Xã Lương Nghĩa, Xã Lương Tâm"
Cần Thơ,Mỹ Hương,"Xã Thuận Hưng, Xã Phú Mỹ, Xã Mỹ Hương"
Cần Thơ,Mỹ Phước,Không sáp nhập
Cần Thơ,Mỹ Quới,"Phường 3 (thị xã Ngã Năm), Xã Mỹ Bình, Xã Mỹ Quới"
Cần Thơ,Mỹ Tú,"Thị trấn Huỳnh Hữu Nghĩa, Xã Mỹ Thuận, Xã Mỹ Tú"
Cần Thơ,Mỹ Xuyên,"Phường 10, Thị trấn Mỹ Xuyên, Xã Đại Tâm"
Cần Thơ,Ngã Bảy,"Phường Lái Hiếu, Phường Hiệp Thành, Phường Ngã Bảy"
Cần Thơ,Ngã Năm,"Phường 1 (thị xã Ngã Năm), Phường 2 (thị xã Ngã Năm), Xã Vĩnh Quới"
Cần Thơ,Ngọc Tố,"Xã Tham Đôn, Xã Ngọc Đông, Xã Ngọc Tố"
Cần Thơ,Nhơn Ái,"Xã Nhơn Nghĩa, Xã Nhơn Ái"
Cần Thơ,Nhơn Mỹ,"Xã An Mỹ, Xã Song Phụng, Xã Nhơn Mỹ"
Cần Thơ,Nhu Gia,"Xã Thạnh Phú, Xã Gia Hòa 1"
Cần Thơ,Ninh Kiều,"Phường Tân An, Phường Thới Bình, Phường Xuân Khánh"
Cần Thơ,Ô Môn,"Phường Châu Văn Liêm, Phường Thới Hòa, Phường Thới An, Xã Thới Thạnh"
Cần Thơ,Phong Điền,"Thị trấn Phong Điền, Xã Tân Thới, Xã Giai Xuân"
Cần Thơ,Phong Nẫm,Không sáp nhập
Cần Thơ,Phú Hữu,"Xã Phú Tân, Xã Đông Phước, Xã Phú Hữu"
Cần Thơ,Phú Lộc,"Thị trấn Hưng Lợi, Thị trấn Phú Lộc, Xã Thạnh Trị"
Cần Thơ,Phú Lợi,"Phường 1 (thành phố Sóc Trăng), Phường 2 (thành phố Sóc Trăng), Phường 3 (thành phố Sóc Trăng), Phường 4"
Cần Thơ,Phú Tâm,"Thị trấn Châu Thành, Xã Phú Tâm"
Cần Thơ,Phụng Hiệp,"Xã Hòa Mỹ, Xã Phụng Hiệp"
Cần Thơ,Phước Thới,"Phường Trường Lạc, Phường Phước Thới"
Cần Thơ,Phương Bình,"Xã Phương Phú, Xã Phương Bình"
Cần Thơ,Sóc Trăng,"Phường 5, Phường 6, Phường 7, Phường 8"
Cần Thơ,Tài Văn,"Xã Viên An, Xã Tài Văn"
Cần Thơ,Tân An,"Phường An Khánh, Phường Hưng Lợi"
Cần Thơ,Tân Bình,"Xã Bình Thành, Xã Tân Bình"
Cần Thơ,Tân Hòa,"Thị trấn Một Ngàn, Thị trấn Bảy Ngàn, Xã Nhơn Nghĩa A, Xã Tân Hòa"
Cần Thơ,Tân Long,"Xã Thạnh Tân, Xã Long Bình, Xã Tân Long"
Cần Thơ,Tân Lộc,Không sáp nhập
Cần Thơ,Tân Phước Hưng,"Thị trấn Búng Tàu, Xã Tân Phước Hưng"
Cần Thơ,Tân Thạnh,"Xã Tân Hưng, Xã Châu Khánh, Xã Tân Thạnh"
Cần Thơ,Thạnh An,"Thị trấn Thạnh An, Xã Thạnh Lợi, Xã Thạnh Thắng"
Cần Thơ,Thạnh Hòa,"Xã Long Thạnh, Xã Tân Long, Xã Thạnh Hòa"
Cần Thơ,Thạnh Phú,Không sáp nhập
Cần Thơ,Thạnh Quới,"Xã Thạnh Tiến, Xã Thạnh An, Xã Thạnh Quới"
Cần Thơ,Thạnh Thới An,"Xã Thạnh Thới Thuận, Xã Thạnh Thới An"
Cần Thơ,Thạnh Xuân,"Thị trấn Rạch Gòi, Xã Tân Phú Thạnh, Xã Thạnh Xuân"
Cần Thơ,Thốt Nốt,"Phường Thuận An (quận Thốt Nốt), Phường Thới Thuận, Phường Thốt Nốt (phần còn lại sau khi sáp nhập vào phường Thuận Hưng)"
Cần Thơ,Thới An Đông,"Phường Trà An, Phường Trà Nóc, Phường Thới An Đông"
Cần Thơ,Thới An Hội,"Xã An Lạc Tây, Xã Thới An Hội"
Cần Thơ,Thới Hưng,Không sáp nhập
Cần Thơ,Thới Lai,"Thị trấn Thới Lai, Xã Thới Tân, Xã Trường Thắng"
Cần Thơ,Thới Long,"Phường Long Hưng, Phường Tân Hưng, Phường Thới Long"
Cần Thơ,Thuận Hòa,"Xã Thuận Hòa (huyện Châu Thành), Xã Phú Tân"
Cần Thơ,Thuận Hưng,"Phường Trung Kiên, Phường Thuận Hưng, Phường Thốt Nốt"
Cần Thơ,Trần Đề,"Thị trấn Trần Đề, Xã Đại Ân 2, Xã Trung Bình"
Cần Thơ,Trung Hưng,"Xã Trung Thạnh, Xã Trung Hưng"
Cần Thơ,Trung Nhứt,"Phường Thạnh Hòa, Phường Trung Nhứt, Xã Trung An"
Cần Thơ,Trường Khánh,"Xã Hậu Thạnh, Xã Phú Hữu, Xã Trường Khánh"
Cần Thơ,Trường Long,Không sáp nhập
Cần Thơ,Trường Long Tây,"Xã Trường Long A, Xã Trường Long Tây"
Cần Thơ,Trường Thành,"Xã Tân Thạnh, Xã Định Môn, Xã Trường Thành"
Cần Thơ,Trường Xuân,"Xã Trường Xuân A, Xã Trường Xuân B, Xã Trường Xuân"
Cần Thơ,Vị Tân,"Phường IV, Phường V, Xã Vị Tân"
Cần Thơ,Vị Thanh,"Phường I, Phường III, Phường VII"
Cần Thơ,Vị Thanh 1,"Xã Vị Đông, Xã Vị Bình, Xã Vị Thanh"
Cần Thơ,Vị Thủy,"Thị trấn Nàng Mau, Xã Vị Thắng, Xã Vị Trung"
Cần Thơ,Vĩnh Châu,"Phường 1 (thị xã Vĩnh Châu), Phường 2 (thị xã Vĩnh Châu), Xã Lạc Hòa"
Cần Thơ,Vĩnh Hải,Không sáp nhập
Cần Thơ,Vĩnh Lợi,"Xã Châu Hưng, Xã Vĩnh Thành, Xã Vĩnh Lợi"
Cần Thơ,Vĩnh Phước,"Phường Vĩnh Phước, Xã Vĩnh Tân"
Cần Thơ,Vĩnh Thạnh,"Thị trấn Vĩnh Thạnh, Xã Thạnh Lộc, Xã Thạnh Mỹ"
Cần Thơ,Vĩnh Thuận Đông,"Xã Vĩnh Thuận Tây, Xã Vị Thủy, Xã Vĩnh Thuận Đông"
Cần Thơ,Vĩnh Trinh,"Xã Vĩnh Bình, Xã Vĩnh Trinh"
Cần Thơ,Vĩnh Tường,"Xã Vĩnh Trung, Xã Vĩnh Tường"
Cần Thơ,Vĩnh Viễn,"Thị trấn Vĩnh Viễn, Xã Vĩnh Viễn A"
Cần Thơ,Xà Phiên,"Xã Thuận Hòa (huyện Long Mỹ), Xã Thuận Hưng, Xã Xà Phiên"
Đà Nẵng,An Hải,"Phường Phước Mỹ, Phường An Hải Bắc, Phường An Hải Nam"
Đà Nẵng,An Khê,"Phường Hòa An, Phường Hòa Phát, Phường An Khê"
Đà Nẵng,An Thắng,"Phường Điện An, Phường Điện Thắng Nam, Phường Điện Thắng Trung"
Đà Nẵng,Avương,"Xã Bhalêê, Xã Avương"
Đà Nẵng,Bà Nà,"Xã Hòa Ninh, Xã Hòa Nhơn"
Đà Nẵng,Bàn Thạch,"Phường Tân Thạnh, Phường Hòa Thuận, Xã Tam Thăng"
Đà Nẵng,Bến Giằng,"Xã Cà Dy, Xã Tà Bhing, Xã Tà Pơơ"
Đà Nẵng,Bến Hiên,"Xã Kà Dăng, Xã Mà Cooih"
Đà Nẵng,Cẩm Lệ,"Phường Hòa Thọ Tây, Phường Hòa Thọ Đông, Phường Khuê Trung"
Đà Nẵng,Chiên Đàn,"Thị trấn Phú Thịnh, Xã Tam Đàn, Xã Tam Thái"
Đà Nẵng,Duy Nghĩa,"Xã Duy Thành, Xã Duy Hải, Xã Duy Nghĩa"
Đà Nẵng,Duy Xuyên,"Xã Duy Trung, Xã Duy Sơn, Xã Duy Trinh"
Đà Nẵng,Đại Lộc,"Thị trấn Ái Nghĩa, Xã Đại Hiệp, Xã Đại Hòa, Xã Đại An, Xã Đại Nghĩa"
Đà Nẵng,Đắc Pring,"Xã Đắc Pre, Xã Đắc Pring"
Đà Nẵng,Điện Bàn,"Phường Điện Phương, Phường Điện Minh, Phường Vĩnh Điện"
Đà Nẵng,Điện Bàn Bắc,"Phường Điện Thắng Bắc, Xã Điện Hòa, Xã Điện Tiến"
Đà Nẵng,Điện Bàn Đông,"Phường Điện Nam Đông, Phường Điện Nam Trung, Phường Điện Dương, Phường Điện Ngọc, Phường Điện Nam Bắc"
Đà Nẵng,Điện Bàn Tây,"Xã Điện Hồng, Xã Điện Thọ, Xã Điện Phước"
Đà Nẵng,Đồng Dương,"Xã Bình Lãnh, Xã Bình Trị, Xã Bình Định"
Đà Nẵng,Đông Giang,"Thị trấn Prao, Xã Tà Lu, Xã A Rooi, Xã Zà Hung"
Đà Nẵng,Đức Phú,"Xã Tam Sơn, Xã Tam Thạnh"
Đà Nẵng,Gò Nổi,"Xã Điện Phong, Xã Điện Trung, Xã Điện Quang"
Đà Nẵng,Hà Nha,"Xã Đại Đồng, Xã Đại Hồng, Xã Đại Quang"
Đà Nẵng,Hải Châu,"Phường Thanh Bình, Phường Thuận Phước, Phường Thạch Thang, Phường Phước Ninh, Phường Hải Châu"
Đà Nẵng,Hải Vân,"Phường Hòa Hiệp Bắc, Phường Hòa Hiệp Nam, Xã Hòa Bắc, Xã Hòa Liên"
Đà Nẵng,Hiệp Đức,"Thị trấn Tân Bình, Xã Quế Tân, Xã Quế Lưu"
Đà Nẵng,Hòa Cường,"Phường Bình Thuận, Phường Hòa Thuận Tây, Phường Hòa Cường Bắc, Phường Hòa Cường Nam"
Đà Nẵng,Hòa Khánh,"Phường Hòa Khánh Nam, Phường Hòa Minh, Xã Hòa Sơn"
Đà Nẵng,Hòa Tiến,"Xã Hòa Khương, Xã Hòa Tiến"
Đà Nẵng,Hòa Vang,"Xã Hòa Phong, Xã Hòa Phú"
Đà Nẵng,Hòa Xuân,"Phường Hòa Xuân, Xã Hòa Châu, Xã Hòa Phước"
Đà Nẵng,Hoàng Sa,Huyện Hoàng Sa
Đà Nẵng,Hội An,"Phường Minh An, Phường Cẩm Phô, Phường Sơn Phong, Phường Cẩm Nam, Xã Cẩm Kim"
Đà Nẵng,Hội An Đông,"Phường Cẩm Châu, Phường Cửa Đại, Xã Cẩm Thanh"
Đà Nẵng,Hội An Tây,"Phường Thanh Hà, Phường Tân An, Phường Cẩm An, Xã Cẩm Hà"
Đà Nẵng,Hùng Sơn,"Xã Ch’ơm, Xã Gari, Xã Tr’hy, Xã Axan"
Đà Nẵng,Hương Trà,"Phường An Sơn, Phường Hòa Hương, Xã Tam Ngọc"
Đà Nẵng,Khâm Đức,"Thị trấn Khâm Đức, Xã Phước Xuân"
Đà Nẵng,La Dêê,"Xã Đắc Tôi, Xã La Dêê"
Đà Nẵng,La Êê,"Xã Chơ Chun, Xã La Êê"
Đà Nẵng,Lãnh Ngọc,"Xã Tiên Lãnh, Xã Tiên Ngọc, Xã Tiên Hiệp"
Đà Nẵng,Liên Chiểu,"Phường Hòa Khánh Bắc, Xã Hòa Liên (phần còn lại sau khi sáp nhập vào phường Hải Vân)"
Đà Nẵng,Nam Giang,"Xã Zuôih, Xã Chà Vàl"
Đà Nẵng,Nam Phước,"Thị trấn Nam Phước, Xã Duy Phước, Xã Duy Vinh"
Đà Nẵng,Nam Trà My,"Xã Trà Mai, Xã Trà Don"
Đà Nẵng,Ngũ Hành Sơn,"Phường Mỹ An, Phường Khuê Mỹ, Phường Hòa Hải, Phường Hòa Quý"
Đà Nẵng,Nông Sơn,"Thị trấn Trung Phước, Xã Quế Lộc"
Đà Nẵng,Núi Thành,"Thị trấn Núi Thành, Xã Tam Quang, Xã Tam Nghĩa, Xã Tam Hiệp, Xã Tam Giang"
Đà Nẵng,Phú Ninh,"Xã Tam Dân, Xã Tam Đại, Xã Tam Lãnh"
Đà Nẵng,Phú Thuận,"Xã Đại Tân, Xã Đại Thắng, Xã Đại Chánh, Xã Đại Thạnh"
Đà Nẵng,Phước Chánh,"Xã Phước Công, Xã Phước Chánh"
Đà Nẵng,Phước Hiệp,"Xã Phước Hòa, Xã Phước Hiệp"
Đà Nẵng,Phước Năng,"Xã Phước Đức, Xã Phước Mỹ, Xã Phước Năng"
Đà Nẵng,Phước Thành,"Xã Phước Lộc, Xã Phước Kim, Xã Phước Thành"
Đà Nẵng,Phước Trà,"Xã Sông Trà, Xã Phước Gia, Xã Phước Trà"
Đà Nẵng,Quảng Phú,"Phường An Phú, Xã Tam Thanh, Xã Tam Phú"
Đà Nẵng,Quế Phước,"Xã Quế Lâm, Xã Phước Ninh, Xã Ninh Phước"
Đà Nẵng,Quế Sơn,"Thị trấn Đông Phú, Xã Quế Minh, Xã Quế An, Xã Quế Long, Xã Quế Phong"
Đà Nẵng,Quế Sơn Trung,"Xã Quế Mỹ, Xã Quế Hiệp, Xã Quế Thuận, Xã Quế Châu"
Đà Nẵng,Sông Kôn,"Xã A Ting, Xã Jơ Ngây, Xã Sông Kôn"
Đà Nẵng,Sông Vàng,"Xã Tư, Xã Ba"
Đà Nẵng,Sơn Cẩm Hà,"Xã Tiên Sơn, Xã Tiên Hà, Xã Tiên Châu"
Đà Nẵng,Sơn Trà,"Phường Thọ Quang, Phường Nại Hiên Đông, Phường Mân Thái"
Đà Nẵng,Tam Anh,"Xã Tam Hòa, Xã Tam Anh Bắc, Xã Tam Anh Nam"
Đà Nẵng,Tam Hải,Không sáp nhập
Đà Nẵng,Tam Kỳ,"Phường An Mỹ, Phường An Xuân, Phường Trường Xuân"
Đà Nẵng,Tam Mỹ,"Xã Tam Mỹ Đông, Xã Tam Mỹ Tây, Xã Tam Trà"
Đà Nẵng,Tam Xuân,"Xã Tam Xuân I, Xã Tam Xuân II, Xã Tam Tiến"
Đà Nẵng,Tân Hiệp,Không sáp nhập
Đà Nẵng,Tây Giang,"Xã Atiêng, Xã Dang, Xã Anông, Xã Lăng"
Đà Nẵng,Tây Hồ,"Xã Tam An, Xã Tam Thành, Xã Tam Phước, Xã Tam Lộc"
Đà Nẵng,Thạnh Bình,"Xã Tiên Lập, Xã Tiên Lộc, Xã Tiên An, Xã Tiên Cảnh"
Đà Nẵng,Thanh Khê,"Phường Xuân Hà, Phường Chính Gián, Phường Thạc Gián, Phường Thanh Khê Tây, Phường Thanh Khê Đông"
Đà Nẵng,Thạnh Mỹ,Thị trấn Thạnh Mỹ
Đà Nẵng,Thăng An,"Xã Bình Triều, Xã Bình Giang, Xã Bình Đào, Xã Bình Minh, Xã Bình Dương"
Đà Nẵng,Thăng Bình,"Thị trấn Hà Lam, Xã Bình Nguyên, Xã Bình Quý, Xã Bình Phục"
Đà Nẵng,Thăng Điền,"Xã Bình An, Xã Bình Trung, Xã Bình Tú"
Đà Nẵng,Thăng Phú,"Xã Bình Phú, Xã Bình Quế"
Đà Nẵng,Thăng Trường,"Xã Bình Nam, Xã Bình Hải, Xã Bình Sa"
Đà Nẵng,Thu Bồn,"Xã Duy Châu, Xã Duy Hoà, Xã Duy Phú, Xã Duy Tân"
Đà Nẵng,Thượng Đức,"Xã Đại Lãnh, Xã Đại Hưng, Xã Đại Sơn"
Đà Nẵng,Tiên Phước,"Thị trấn Tiên Kỳ, Xã Tiên Mỹ, Xã Tiên Phong, Xã Tiên Thọ"
Đà Nẵng,Trà Đốc,"Xã Trà Bui, Xã Trà Đốc"
Đà Nẵng,Trà Giáp,"Xã Trà Ka, Xã Trà Giáp"
Đà Nẵng,Trà Leng,"Xã Trà Dơn, Xã Trà Leng"
Đà Nẵng,Trà Liên,"Xã Trà Đông, Xã Trà Nú, Xã Trà Kót"
Đà Nẵng,Trà Linh,"Xã Trà Nam, Xã Trà Linh"
Đà Nẵng,Trà My,"Thị trấn Trà My, Xã Trà Sơn, Xã Trà Giang, Xã Trà Dương"
Đà Nẵng,Trà Tân,"Xã Trà Giác, Xã Trà Tân"
Đà Nẵng,Trà Tập,"Xã Trà Cang, Xã Trà Tập"
Đà Nẵng,Trà Vân,"Xã Trà Vinh, Xã Trà Vân"
Đà Nẵng,Việt An,"Xã Thăng Phước, Xã Bình Sơn, Xã Quế Thọ, Xã Bình Lâm"
Đà Nẵng,Vu Gia,"Xã Đại Phong, Xã Đại Minh, Xã Đại Cường"
Đà Nẵng,Xuân Phú,"Thị trấn Hương An, Xã Quế Xuân 1, Xã Quế Xuân 2, Xã Quế Phú"
Đắk Lắk,Bình Kiến,"Xã An Phú, Xã Hòa Kiến, Xã Bình Kiến, Phường 9 (phần còn lại sau khi sáp nhập vào phường Tuy Hòa)"
Đắk Lắk,Buôn Đôn,Krông Na
Đắk Lắk,Buôn Hồ,"Phường Đạt Hiếu, Phường An Bình, Phường An Lạc, Phường Thiện An, Phường Thống Nhất, Phường Đoàn Kết"
Đắk Lắk,Buôn Ma Thuột,"Phường Thành Công, Phường Tân Tiến, Phường Tân Thành, Phường Tự An, Phường Tân Lợi, Xã Cư Êbur"
Đắk Lắk,Cuôr Đăng,"Xã Ea Drơng, Xã Cuôr Đăng"
Đắk Lắk,Cư Bao,"Phường Bình Tân, Xã Bình Thuận, Xã Cư Bao"
Đắk Lắk,Cư M’gar,"Xã Ea H’đing, Xã Ea Kpam, Xã Cư M’gar"
Đắk Lắk,Cư M’ta,"Xã Cư Króa, Xã Cư M’ta"
Đắk Lắk,Cư Pơng,"Xã Ea Sin, Xã Cư Pơng"
Đắk Lắk,Cư Prao,"Xã Ea Pil, Xã Cư Prao"
Đắk Lắk,Cư Pui,"Xã Hòa Phong (huyện Krông Bông), Xã Cư Pui"
Đắk Lắk,Cư Yang,"Xã Cư Bông, Xã Cư Yang"
Đắk Lắk,Dang Kang,"Xã Hòa Thành (huyện Krông Bông), Xã Cư Kty, Xã Dang Kang"
Đắk Lắk,Dliê Ya,"Xã Ea Tóh, Xã Ea Tân, Xã Dliê Ya"
Đắk Lắk,Dray Bhăng,"Xã Hòa Hiệp, Xã Dray Bhăng, Xã Ea Bhốk"
Đắk Lắk,Dur Kmăl,"Xã Băng A Drênh, Xã Dur Kmăl"
Đắk Lắk,Đắk Liêng,"Xã Buôn Tría, Xã Buôn Triết, Xã Đắk Liêng"
Đắk Lắk,Đắk Phơi,"Xã Đắk Nuê, Xã Đắk Phơi"
Đắk Lắk,Đông Hòa,"Phường Hòa Vinh, Phường Hòa Xuân Tây, Xã Hòa Tân Đông"
Đắk Lắk,Đồng Xuân,"Thị trấn La Hai, Xã Xuân Sơn Nam, Xã Xuân Sơn Bắc, Xã Xuân Long, Xã Xuân Quang 2"
Đắk Lắk,Đức Bình,"Xã Sơn Giang, Xã Đức Bình Đông, Xã Đức Bình Tây, Xã Ea Bia"
Đắk Lắk,Ea Bá,"Xã Ea Bá, Xã Ea Bar (huyện Sông Hinh) (phần còn lại sau khi sáp nhập vào xã Ea Ly)"
Đắk Lắk,Ea Bung,"Xã Ya Tờ Mốt, Xã Ea Bung"
Đắk Lắk,Ea Drăng,"Thị trấn Ea Drăng, Xã Ea Ral, Xã Dliê Yang"
Đắk Lắk,Ea Drông,"Xã Ea Siên, Xã Ea Drông"
Đắk Lắk,Ea H’Leo,Không sáp nhập
Đắk Lắk,Ea Hiao,"Xã Ea Sol, Xã Ea Hiao"
Đắk Lắk,Ea Kao,"Phường Ea Tam, Xã Ea Kao"
Đắk Lắk,Ea Kar,"Thị trấn Ea Kar, Xã Cư Huê, Xã Ea Đar, Xã Ea Kmút, Xã Cư Ni, Xã Xuân Phú"
Đắk Lắk,Ea Khăl,"Xã Ea Nam, Xã Ea Tir, Xã Ea Khăl"
Đắk Lắk,Ea Kiết,"Xã Ea Kuêh, Xã Ea Kiết"
Đắk Lắk,Ea Kly,"Xã Krông Búk, Xã Ea Kly"
Đắk Lắk,Ea Knốp,"Thị trấn Ea Knốp, Xã Ea Tih, Xã Ea Sô, Xã Ea Sar"
Đắk Lắk,Ea Knuếc,"Xã Hòa Đông, Xã Ea Kênh, Xã Ea Knuếc"
Đắk Lắk,Ea Ktur,"Xã Ea Tiêu, Xã Ea Ktur, Xã Ea Bhốk (phần còn lại sau khi sáp nhập vào xã Dray Bhăng)"
Đắk Lắk,Ea Ly,"Xã Ea Lâm, Xã Ea Ly, Xã Ea Bar (huyện Sông Hinh)"
Đắk Lắk,Ea M’Droh,"Xã Quảng Hiệp, Xã Ea M’nang, Xã Ea M’Droh"
Đắk Lắk,Ea Na,"Xã Ea Bông, Xã Dray Sáp, Xã Ea Na"
Đắk Lắk,Ea Ning,"Xã Cư Êwi, Xã Ea Hu, Xã Ea Ning"
Đắk Lắk,Ea Nuôl,"Xã Ea Bar (huyện Buôn Đôn), Xã Cuôr Knia, Xã Ea Nuôl"
Đắk Lắk,Ea Ô,"Xã Cư Elang, Xã Ea Ô"
Đắk Lắk,Ea Păl,"Xã Cư Prông, Xã Ea Păl"
Đắk Lắk,Ea Phê,"Xã Ea Kuăng, Xã Ea Hiu, Xã Ea Phê"
Đắk Lắk,Ea Riêng,"Xã Ea H’Mlay, Xã Ea M’Doal, Xã Ea Riêng"
Đắk Lắk,Ea Rốk,"Xã Ia Jlơi, Xã Cư Kbang, Xã Ea Rốk"
Đắk Lắk,Ea Súp,"Thị trấn Ea Súp, Xã Cư M’Lan, Xã Ea Lê"
Đắk Lắk,Ea Trang,Không sáp nhập
Đắk Lắk,Ea Tul,"Xã Ea Tar, Xã Cư Dliê Mnông, Xã Ea Tul"
Đắk Lắk,Ea Wer,"Xã Ea Huar, Xã Tân Hòa, Xã Ea Wer"
Đắk Lắk,Ea Wy,"Xã Cư A Mung, Xã Cư Mốt, Xã Ea Wy"
Đắk Lắk,Hòa Hiệp,"Phường Hòa Hiệp Trung, Phường Hòa Hiệp Nam, Phường Hòa Hiệp Bắc (phần còn lại sau khi sáp nhập vào phường Phú Yên)"
Đắk Lắk,Hòa Mỹ,"Xã Hòa Mỹ Đông, Xã Hòa Mỹ Tây"
Đắk Lắk,Hòa Phú,"Xã Hòa Phú (thành phố Buôn Ma Thuột), Xã Hòa Xuân, Xã Hòa Khánh"
Đắk Lắk,Hòa Sơn,"Xã Yang Reh, Xã Ea Trul, Xã Hòa Sơn"
Đắk Lắk,Hòa Thịnh,"Xã Hòa Đồng, Xã Hòa Thịnh"
Đắk Lắk,Hòa Xuân,"Xã Hòa Tâm, Xã Hòa Xuân Đông, Xã Hòa Xuân Nam"
Đắk Lắk,Ia Lốp,Không sáp nhập
Đắk Lắk,Ia Rvê,Không sáp nhập
Đắk Lắk,Krông Á,"Xã Cư San, Xã Krông Á"
Đắk Lắk,Krông Ana,"Thị trấn Buôn Trấp, Xã Bình Hòa, Xã Quảng Điền"
Đắk Lắk,Krông Bông,"Thị trấn Krông Kmar, Xã Hòa Lễ, Xã Khuê Ngọc Điền"
Đắk Lắk,Krông Búk,"Xã Cư Né, Xã Chứ Kbô"
Đắk Lắk,Krông Năng,"Thị trấn Krông Năng, Xã Phú Lộc, Xã Ea Hồ"
Đắk Lắk,Krông Nô,Không sáp nhập
Đắk Lắk,Krông Pắc,"Thị trấn Phước An, Xã Hòa An (huyện Krông Pắc), Xã Ea Yông, Xã Hòa Tiến"
Đắk Lắk,Liên Sơn Lắk,"Thị trấn Liên Sơn, Xã Yang Tao, Xã Bông Krang"
Đắk Lắk,M’Drắk,"Thị trấn M’Drắk, Xã Krông Jing, Xã Ea Lai"
Đắk Lắk,Nam Ka,"Xã Ea Rbin, Xã Nam Ka"
Đắk Lắk,Ô Loan,"Xã An Hiệp, Xã An Hòa Hải, Xã An Cư"
Đắk Lắk,Phú Hòa 1,"Thị trấn Phú Hòa, Xã Hòa Thắng (huyện Phú Hòa), Xã Hòa Định Đông, Xã Hòa Định Tây, Xã Hòa Hội, Xã Hòa An (huyện Phú Hòa)"
Đắk Lắk,Phú Hòa 2,"Xã Hòa Quang Nam, Xã Hòa Quang Bắc, Xã Hòa Trị"
Đắk Lắk,Phú Mỡ,"Xã Xuân Quang 1, Xã Phú Mỡ"
Đắk Lắk,Phú Xuân,"Xã Ea Púk, Xã Ea Dăh, Xã Phú Xuân"
Đắk Lắk,Phú Yên,"Phường Phú Đông, Phường Phú Lâm, Phường Phú Thạnh, Xã Hòa Thành (thị xã Đông Hòa), Phường Hòa Hiệp Bắc, Xã Hòa Bình 1 (phần còn lại sau khi sáp nhập vào xã Tây Hòa)"
Đắk Lắk,Pơng Drang,"Thị trấn Pơng Drang, Xã Ea Ngai, Xã Tân Lập"
Đắk Lắk,Quảng Phú,"Thị trấn Quảng Phú, Thị trấn Ea Pốk, Xã Cư Suê, Xã Quảng Tiến"
Đắk Lắk,Sông Cầu,"Phường Xuân Yên, Phường Xuân Phú, Xã Xuân Phương, Xã Xuân Thịnh"
Đắk Lắk,Sông Hinh,"Thị trấn Hai Riêng, Xã Ea Trol, Xã Sông Hinh, Xã Ea Bia (phần còn lại sau khi sáp nhập vào xã Đức Bình)"
Đắk Lắk,Sơn Hòa,"Thị trấn Củng Sơn, Xã Suối Bạc, Xã Sơn Hà, Xã Sơn Nguyên, Xã Sơn Phước"
Đắk Lắk,Sơn Thành,"Xã Hòa Phú (huyện Tây Hòa), Xã Sơn Thành Đông, Xã Sơn Thành Tây"
Đắk Lắk,Suối Trai,"Xã Ea Chà Rang, Xã Krông Pa, Xã Suối Trai"
Đắk Lắk,Tam Giang,"Xã Ea Tam, Xã Cư Klông, Xã Tam Giang"
